{
  "performance": {
    "f1": 0.8578,
    "auc": 0.9257,
    "cv_mean": 0.9059,
    "cv_std": 0.0027,
    "cv_scores": [
      0.9066,
      0.9009,
      0.9074,
      0.9057,
      0.9087
    ],
    "confusion_matrix": [
      [
        402,
        167
      ],
      [
        113,
        1318
      ]
    ],
    "report": {
      "0": {
        "precision": 0.7805825242718447,
        "recall": 0.7065026362038664,
        "f1-score": 0.7416974169741697,
        "support": 569.0
      },
      "1": {
        "precision": 0.8875420875420875,
        "recall": 0.9210342417889588,
        "f1-score": 0.9039780521262003,
        "support": 1431.0
      },
      "accuracy": 0.86,
      "macro avg": {
        "precision": 0.8340623059069661,
        "recall": 0.8137684389964126,
        "f1-score": 0.8228377345501849,
        "support": 2000.0
      },
      "weighted avg": {
        "precision": 0.8571120917917034,
        "recall": 0.86,
        "f1-score": 0.8578092114254475,
        "support": 2000.0
      }
    }
  },
  "attrition": {
    "f1": 0.8887,
    "auc": 0.9158,
    "cv_mean": 0.9323,
    "cv_std": 0.0054,
    "cv_scores": [
      0.9362,
      0.9409,
      0.9295,
      0.9266,
      0.9283
    ],
    "confusion_matrix": [
      [
        1590,
        155
      ],
      [
        80,
        175
      ]
    ],
    "report": {
      "0": {
        "precision": 0.9520958083832335,
        "recall": 0.9111747851002865,
        "f1-score": 0.931185944363104,
        "support": 1745.0
      },
      "1": {
        "precision": 0.5303030303030303,
        "recall": 0.6862745098039216,
        "f1-score": 0.5982905982905983,
        "support": 255.0
      },
      "accuracy": 0.8825,
      "macro avg": {
        "precision": 0.7411994193431319,
        "recall": 0.798724647452104,
        "f1-score": 0.7647382713268511,
        "support": 2000.0
      },
      "weighted avg": {
        "precision": 0.8983172291780076,
        "recall": 0.8825,
        "f1-score": 0.8887417877388595,
        "support": 2000.0
      }
    }
  },
  "offboarding": {
    "f1": 0.9395,
    "auc": 0.974,
    "cv_mean": 0.9477,
    "cv_std": 0.002,
    "cv_scores": [
      0.9502,
      0.947,
      0.945,
      0.9499,
      0.9466
    ],
    "confusion_matrix": [
      [
        1782,
        151
      ],
      [
        8,
        59
      ]
    ],
    "report": {
      "0": {
        "precision": 0.9955307262569832,
        "recall": 0.9218830832902225,
        "f1-score": 0.9572925060435133,
        "support": 1933.0
      },
      "1": {
        "precision": 0.28095238095238095,
        "recall": 0.8805970149253731,
        "f1-score": 0.4259927797833935,
        "support": 67.0
      },
      "accuracy": 0.9205,
      "macro avg": {
        "precision": 0.6382415536046822,
        "recall": 0.9012400491077979,
        "f1-score": 0.6916426429134535,
        "support": 2000.0
      },
      "weighted avg": {
        "precision": 0.971592351689279,
        "recall": 0.9205,
        "f1-score": 0.9394939652137994,
        "support": 2000.0
      }
    }
  },
  "promotion": {
    "f1": 0.9723,
    "auc": 0.9972,
    "cv_mean": 0.9837,
    "cv_std": 0.0019,
    "cv_scores": [
      0.9846,
      0.9862,
      0.9808,
      0.9825,
      0.9842
    ],
    "confusion_matrix": [
      [
        1485,
        15
      ],
      [
        40,
        460
      ]
    ],
    "report": {
      "0": {
        "precision": 0.9737704918032787,
        "recall": 0.99,
        "f1-score": 0.9818181818181818,
        "support": 1500.0
      },
      "1": {
        "precision": 0.968421052631579,
        "recall": 0.92,
        "f1-score": 0.9435897435897436,
        "support": 500.0
      },
      "accuracy": 0.9725,
      "macro avg": {
        "precision": 0.9710957722174288,
        "recall": 0.9550000000000001,
        "f1-score": 0.9627039627039626,
        "support": 2000.0
      },
      "weighted avg": {
        "precision": 0.9724331320103538,
        "recall": 0.9725,
        "f1-score": 0.9722610722610723,
        "support": 2000.0
      }
    }
  },
  "training_need": {
    "f1": 0.9389,
    "auc": 0.9854,
    "cv_mean": 0.9605,
    "cv_std": 0.0056,
    "cv_scores": [
      0.9679,
      0.9587,
      0.9558,
      0.9537,
      0.9662
    ],
    "confusion_matrix": [
      [
        1442,
        58
      ],
      [
        64,
        436
      ]
    ],
    "report": {
      "0": {
        "precision": 0.9575033200531209,
        "recall": 0.9613333333333334,
        "f1-score": 0.959414504324684,
        "support": 1500.0
      },
      "1": {
        "precision": 0.8825910931174089,
        "recall": 0.872,
        "f1-score": 0.8772635814889336,
        "support": 500.0
      },
      "accuracy": 0.939,
      "macro avg": {
        "precision": 0.920047206585265,
        "recall": 0.9166666666666667,
        "f1-score": 0.9183390429068088,
        "support": 2000.0
      },
      "weighted avg": {
        "precision": 0.9387752633191929,
        "recall": 0.939,
        "f1-score": 0.9388767736157464,
        "support": 2000.0
      }
    }
  }
}